first_seen_utc,ioc_id,ioc_value,ioc_type,threat_type,fk_malware,malware_alias,malware_printable,last_seen_utc,confidence_level,reference,tags,anonymous,reporter
2024-06-05 15:51:54, 1279378, 5161d6c2af56a358e4d00d3d50b3cafb, md5_hash, payload, win.luca_stealer, None, Luca Stealer, , 95, None, None, 0, Grim
2024-06-05 15:51:51, 1279375, 2ed8d181e0e977591038d7adcbd454fb, md5_hash, payload, win.troystealer, None, troystealer, , 95, None, None, 0, Grim
2024-06-05 15:51:48, 1279372, 4be144e00cac43d4f322b6a9baca9dad, md5_hash, payload, win.troystealer, None, troystealer, , 95, None, None, 0, Grim
2024-06-05 15:51:45, 1279369, cc5886741c5e771991c340eeffc8a04e, md5_hash, payload, win.troystealer, None, troystealer, , 95, None, None, 0, Grim
2024-06-05 15:51:42, 1279366, 772864f4649fd320b44ba2265f8e513a, md5_hash, payload, win.troystealer, None, troystealer, , 95, None, None, 0, Grim
2024-06-05 15:51:39, 1279363, 37dc5fda11402ffc971fee910f6a42e3, md5_hash, payload, win.troystealer, None, troystealer, , 95, None, None, 0, Grim
2024-06-05 15:51:36, 1279360, fc489aa077f6db53303bcf8d0404528a, md5_hash, payload, win.remcos, RemcosRAT,Remvio,Socmer, Remcos, , 95, None, None, 0, Grim
2024-06-05 15:51:33, 1279357, aba7110d8d90b3c02dfb382aba547656, md5_hash, payload, win.gcleaner, None, GCleaner, , 95, None, None, 0, Grim
2024-06-05 15:51:30, 1279354, 02b7ffc620622971a7d6242cf53f6cac, md5_hash, payload, win.troystealer, None, troystealer, , 95, None, None, 0, Grim
2024-06-05 15:51:27, 1279351, f9c728c1291940d7c9434b90fafab1e7, md5_hash, payload, win.lokipws, Burkina,Loki,LokiBot,LokiPWS, Loki Password Stealer (PWS), , 95, None, None, 0, Grim
2024-06-05 15:51:24, 1279348, 4ce7dec7f0af15277eec727a9e20142e, md5_hash, payload, win.nimgrabber, None, NimGrabber, , 95, None, None, 0, Grim
2024-06-05 15:51:21, 1279345, 5b69e26300ba5035ce6f6d8979061b34, md5_hash, payload, win.lokipws, Burkina,Loki,LokiBot,LokiPWS, Loki Password Stealer (PWS), , 95, None, None, 0, Grim
2024-06-05 15:51:18, 1279342, 8293d86a78125ed3357390b8c8e10ca9, md5_hash, payload, win.gcleaner, None, GCleaner, , 95, None, None, 0, Grim
2024-06-05 15:51:15, 1279339, 69c553c78ba0424cc42d3f3041d73dd0, md5_hash, payload, win.gcleaner, None, GCleaner, , 95, None, None, 0, Grim
2024-06-05 15:51:12, 1279336, 6f2164b49449467c08ddc249a96d9978, md5_hash, payload, win.vidar, None, Vidar, , 95, None, None, 0, Grim
2024-06-05 15:51:09, 1279333, c5f6aba7a08abcbede339600360f172f, md5_hash, payload, win.agent_tesla, AgenTesla,AgentTesla,Negasteal, Agent Tesla, , 95, None, None, 0, Grim
2024-06-05 15:51:06, 1279330, 118f46d79bed6802a080b91422cc1765, md5_hash, payload, win.agent_tesla, AgenTesla,AgentTesla,Negasteal, Agent Tesla, , 95, None, None, 0, Grim
2024-06-05 15:51:03, 1279327, f6453b75c24aae8d40afdeefcf2691bb, md5_hash, payload, win.agent_tesla, AgenTesla,AgentTesla,Negasteal, Agent Tesla, , 95, None, None, 0, Grim
2024-06-05 15:51:00, 1279324, 80cc4de4362504b41b959f2b0db84ad1, md5_hash, payload, win.agent_tesla, AgenTesla,AgentTesla,Negasteal, Agent Tesla, , 95, None, None, 0, Grim
2024-06-05 15:50:57, 1279321, c5a998c284ae778809e81d48edc3f1e5, md5_hash, payload, win.remcos, RemcosRAT,Remvio,Socmer, Remcos, , 95, None, None, 0, Grim
2024-06-05 15:50:54, 1279318, d7d56d1b7590ad47f39f512ebeef7f82, md5_hash, payload, win.masslogger, None, MASS Logger, , 95, None, None, 0, Grim
2024-06-05 15:50:51, 1279315, b511b0274759a20e0e3ef09e8a8e7717, md5_hash, payload, win.lokipws, Burkina,Loki,LokiBot,LokiPWS, Loki Password Stealer (PWS), , 95, None, None, 0, Grim
2024-06-05 15:50:48, 1279312, e0354350b177887076f4c89567e0af8d, md5_hash, payload, win.strelastealer, None, StrelaStealer, , 95, None, None, 0, Grim
2024-06-05 15:50:45, 1279309, 280660e5a389d74dfa6bef9c324e65a7, md5_hash, payload, win.agent_tesla, AgenTesla,AgentTesla,Negasteal, Agent Tesla, , 95, None, None, 0, Grim
2024-06-05 15:50:42, 1279306, 50f635b5302fc200adcf1ceb1bd1d934, md5_hash, payload, win.ave_maria, AVE_MARIA,AveMariaRAT,Warzone RAT,WarzoneRAT,avemaria, Ave Maria, , 95, None, None, 0, Grim
2024-06-05 15:50:39, 1279303, 46d0e446d646ef828810894660365a16, md5_hash, payload, win.konni, None, Konni, , 95, None, None, 0, Grim
2024-06-05 15:50:36, 1279300, b42d99e209f6d0ddbaa04b7974967685, md5_hash, payload, win.konni, None, Konni, , 95, None, None, 0, Grim
2024-06-05 15:50:33, 1279297, 9cb614e94684d52601413778a582f2e1, md5_hash, payload, win.konni, None, Konni, , 95, None, None, 0, Grim
2024-06-05 15:50:30, 1279294, 004d48284a26569ed3220fd1fd4b7c31, md5_hash, payload, win.redline_stealer, RECORDSTEALER, RedLine Stealer, , 95, None, None, 0, Grim
2024-06-05 15:50:27, 1279291, 5ebe50f0bb964e3e197d4820843d2006, md5_hash, payload, win.agent_tesla, AgenTesla,AgentTesla,Negasteal, Agent Tesla, , 95, None, None, 0, Grim
2024-06-05 15:50:23, 1279288, afcc33462e6d2fae81407ae199e23d2e, md5_hash, payload, win.gcleaner, None, GCleaner, , 95, None, None, 0, Grim
2024-06-05 15:50:20, 1279285, 69bc077c715a22a1f1cfafca8b8fa850, md5_hash, payload, win.agent_tesla, AgenTesla,AgentTesla,Negasteal, Agent Tesla, , 95, None, None, 0, Grim
2024-06-05 15:50:16, 1279282, b654250bca80b165af1416282dae2a17, md5_hash, payload, win.redline_stealer, RECORDSTEALER, RedLine Stealer, , 95, None, None, 0, Grim
2024-06-05 15:50:12, 1279279, a32d858257c0013c7f291ff9c312ead6, md5_hash, payload, win.formbook, win.xloader, Formbook, , 95, None, None, 0, Grim
2024-06-05 15:50:07, 1279276, b368bfdd1b4cddcfcf8e843a8972fb11, md5_hash, payload, win.agent_tesla, AgenTesla,AgentTesla,Negasteal, Agent Tesla, , 95, None, None, 0, Grim
2024-06-05 15:50:01, 1279273, 61300540a2fccd044d641329a7102e47, md5_hash, payload, win.formbook, win.xloader, Formbook, , 95, None, None, 0, Grim
2024-06-05 15:49:57, 1279270, 95626a1bca4871e5d3fd14604d688c71, md5_hash, payload, win.remcos, RemcosRAT,Remvio,Socmer, Remcos, , 95, None, None, 0, Grim
2024-06-05 15:49:54, 1279267, 8e8fa6787ab3561a193454904a6c6a03, md5_hash, payload, win.formbook, win.xloader, Formbook, , 95, None, None, 0, Grim
2024-06-05 15:49:51, 1279264, 93b8d429bac8f71fdba98c9d687b951b, md5_hash, payload, win.agent_tesla, AgenTesla,AgentTesla,Negasteal, Agent Tesla, , 95, None, None, 0, Grim
2024-06-05 15:49:44, 1279261, afc38adffb336c140e51c43126e17584, md5_hash, payload, win.redline_stealer, RECORDSTEALER, RedLine Stealer, , 95, None, None, 0, Grim
2024-06-05 15:49:41, 1279258, 53402c1891cfccdd00b44ce511010785, md5_hash, payload, win.agent_tesla, AgenTesla,AgentTesla,Negasteal, Agent Tesla, , 95, None, None, 0, Grim
2024-06-05 15:49:38, 1279255, 5caa82b99c935b8200ac06687e4a5001, md5_hash, payload, win.formbook, win.xloader, Formbook, , 95, None, None, 0, Grim
2024-06-05 15:49:35, 1279252, 32b04b7430d7fa58d1e3bd6963b7fbb9, md5_hash, payload, win.formbook, win.xloader, Formbook, , 95, None, None, 0, Grim
2024-06-05 15:49:32, 1279249, c6f8ee239d34c1bd04f8df9e82d1e723, md5_hash, payload, win.formbook, win.xloader, Formbook, , 95, None, None, 0, Grim
2024-06-05 15:49:29, 1279246, 78476788c185867c095630eeaa35b8d7, md5_hash, payload, win.jlorat, None, JLORAT, , 95, None, None, 0, Grim
2024-06-05 15:49:25, 1279243, cce1b5401bbae2203633c6321e59531f, md5_hash, payload, win.zgrat, None, zgRAT, , 95, None, None, 0, Grim
2024-06-05 15:49:21, 1279240, 468cc41b83f8ddf9cd6f28b7b2f273ab, md5_hash, payload, win.formbook, win.xloader, Formbook, , 95, None, None, 0, Grim
2024-06-05 15:49:18, 1279237, 09a9b558dd3eeb3bb3aeb296d85abaf6, md5_hash, payload, win.remcos, RemcosRAT,Remvio,Socmer, Remcos, , 95, None, None, 0, Grim
2024-06-05 15:49:15, 1279234, c86986d560728762cca6eb3fddde5863, md5_hash, payload, win.sigloader, None, SigLoader, , 95, None, None, 0, Grim
2024-06-05 15:49:12, 1279231, f04b64bcb537501ace0c77274e6127d8, md5_hash, payload, win.sigloader, None, SigLoader, , 95, None, None, 0, Grim
2024-06-05 15:49:09, 1279228, f41482940a8541117d885d640d8ef709, md5_hash, payload, win.sigloader, None, SigLoader, , 95, None, None, 0, Grim
2024-06-05 15:49:06, 1279225, 8170ed5deb6ad823fc7ae0b4d3c0cb4d, md5_hash, payload, win.formbook, win.xloader, Formbook, , 95, None, None, 0, Grim
2024-06-05 15:49:03, 1279222, bd1a2c0320be913042b54040d01fd532, md5_hash, payload, win.asyncrat, None, AsyncRAT, , 95, None, None, 0, Grim
2024-06-05 15:49:00, 1279219, f95f0f0440c1f4e6fe9aee332dcefad7, md5_hash, payload, win.redline_stealer, RECORDSTEALER, RedLine Stealer, , 95, None, None, 0, Grim
2024-06-05 15:48:57, 1279216, 91d0535f6c68fa7905b32ee1a9f68c03, md5_hash, payload, win.agent_tesla, AgenTesla,AgentTesla,Negasteal, Agent Tesla, , 95, None, None, 0, Grim
2024-06-05 15:48:54, 1279213, 95d0a92e095fa4ac9df1d207eae127e2, md5_hash, payload, win.formbook, win.xloader, Formbook, , 95, None, None, 0, Grim
2024-06-05 15:48:51, 1279210, 781a598560272296fa31f3f936c02cc7, md5_hash, payload, win.asyncrat, None, AsyncRAT, , 95, None, None, 0, Grim
2024-06-05 15:48:47, 1279207, 99d4efaf9116f5232b1d02eba7f413f2, md5_hash, payload, win.asyncrat, None, AsyncRAT, , 95, None, None, 0, Grim
2024-06-05 15:48:43, 1279204, 234d6b88e2233488b2eb88415c3e739c, md5_hash, payload, win.gcleaner, None, GCleaner, , 95, None, None, 0, Grim
2024-06-14 13:58:54, 1284866, 126181b9a3d7342ccc0a9b2f2783088e, md5_hash, payload, win.krakenkeylogger, None, KrakenKeylogger, , 95, None, None, 0, Grim
2024-06-14 13:58:50, 1284863, 0451f8d2d0162106004e683ef1390d0a, md5_hash, payload, win.krakenkeylogger, None, KrakenKeylogger, , 95, None, None, 0, Grim
2024-06-14 13:58:47, 1284860, 4200f0d5579cdf7a6e27f1fff4b661e0, md5_hash, payload, win.easystealer, None, Easy Stealer, , 95, None, None, 0, Grim
2024-06-14 13:58:43, 1284857, 1afd6b7ef105ad5b4274413058f7a111, md5_hash, payload, win.socks5_systemz, None, Socks5 Systemz, , 95, None, None, 0, Grim
2024-06-14 13:58:40, 1284854, d478d46974e39725db3636a5b13fd187, md5_hash, payload, win.socks5_systemz, None, Socks5 Systemz, , 95, None, None, 0, Grim
2024-06-14 13:58:36, 1284851, f208ef093a844345efcc4743c3e6fbf4, md5_hash, payload, win.socks5_systemz, None, Socks5 Systemz, , 95, None, None, 0, Grim
2024-06-14 13:58:33, 1284848, 010c974cbd698480d7997129e0191749, md5_hash, payload, win.webmonitor, RevCode, WebMonitor RAT, , 95, None, None, 0, Grim
2024-06-14 13:58:29, 1284845, 179f6de358cb9094fd7fc1172aa5c639, md5_hash, payload, win.agent_tesla, AgenTesla,AgentTesla,Negasteal, Agent Tesla, , 95, None, None, 0, Grim
2024-06-14 13:58:26, 1284842, 9c5ffabe40a08e291daf1c67297161e2, md5_hash, payload, win.agent_tesla, AgenTesla,AgentTesla,Negasteal, Agent Tesla, , 95, None, None, 0, Grim
2024-06-14 13:58:22, 1284839, 79a3854fb0bddb26135bc0311f21ed76, md5_hash, payload, win.asyncrat, None, AsyncRAT, , 95, None, None, 0, Grim
2024-06-14 13:58:18, 1284836, 053e2d163701b05e0a365740b3acc67e, md5_hash, payload, win.stealc, None, Stealc, , 95, None, None, 0, Grim
2024-06-14 13:58:15, 1284833, bf808afcc221165140ff57a5e31bdef2, md5_hash, payload, win.stealc, None, Stealc, , 95, None, None, 0, Grim
2024-06-14 13:58:11, 1284830, 4fa524896f7acb979cb8900b03479272, md5_hash, payload, win.socks5_systemz, None, Socks5 Systemz, , 95, None, None, 0, Grim
2024-06-14 13:58:08, 1284827, bf46096f503cf0646b2c10b35314198d, md5_hash, payload, win.socks5_systemz, None, Socks5 Systemz, , 95, None, None, 0, Grim
2024-06-14 13:58:04, 1284824, 3abca3d01e518e48b9d575b2bbdc65c8, md5_hash, payload, win.agent_tesla, AgenTesla,AgentTesla,Negasteal, Agent Tesla, , 95, None, None, 0, Grim
2024-06-14 13:58:00, 1284821, d691c235d9b2c3bdb38aea8d0c278a4c, md5_hash, payload, win.agent_tesla, AgenTesla,AgentTesla,Negasteal, Agent Tesla, , 95, None, None, 0, Grim
2024-06-14 13:57:57, 1284818, 81198a55684cf089fa4193447379572e, md5_hash, payload, win.formbook, win.xloader, Formbook, , 95, None, None, 0, Grim
2024-06-14 13:57:53, 1284815, 8903e7e6ebd4f46e9910e2e6179c2778, md5_hash, payload, win.zloader, DELoader,SILENTNIGHT,Terdot, Zloader, , 95, None, None, 0, Grim
2024-06-14 13:57:50, 1284812, 1869978103ed372145fbf14975f8c56e, md5_hash, payload, win.formbook, win.xloader, Formbook, , 95, None, None, 0, Grim
2024-06-14 13:57:46, 1284809, b4c72ab337a0c9748f1697ee3e7581c0, md5_hash, payload, win.agent_tesla, AgenTesla,AgentTesla,Negasteal, Agent Tesla, , 95, None, None, 0, Grim
2024-06-14 13:57:43, 1284806, 68d4e51af9c6a48342d7242cfc17e101, md5_hash, payload, win.agent_tesla, AgenTesla,AgentTesla,Negasteal, Agent Tesla, , 95, None, None, 0, Grim
2024-06-14 13:57:39, 1284803, f5567fd47eb3b902426098c8c06d99df, md5_hash, payload, win.redline_stealer, RECORDSTEALER, RedLine Stealer, , 95, None, None, 0, Grim
2024-06-14 13:57:34, 1284800, 57bb9e8fb604e1ce4e1a6f9b66cadde7, md5_hash, payload, win.agent_tesla, AgenTesla,AgentTesla,Negasteal, Agent Tesla, , 95, None, None, 0, Grim
2024-06-14 13:57:30, 1284797, a0beeee56cf28926d870b5b4c11bd74d, md5_hash, payload, win.socks5_systemz, None, Socks5 Systemz, , 95, None, None, 0, Grim
2024-06-14 13:57:26, 1284794, 68f25def870ae04247248e958d3f557d, md5_hash, payload, win.stealc, None, Stealc, , 95, None, None, 0, Grim
2024-06-14 13:57:23, 1284791, 749325286628ce27401c098690ebc0d7, md5_hash, payload, win.socks5_systemz, None, Socks5 Systemz, , 95, None, None, 0, Grim
2024-06-14 13:57:19, 1284788, e4f160d5a875eaf0507cf823b7420504, md5_hash, payload, win.socks5_systemz, None, Socks5 Systemz, , 95, None, None, 0, Grim
2024-06-14 13:57:16, 1284785, 20be24c90426c82034fafecbf1c96147, md5_hash, payload, win.njrat, Bladabindi,Lime-Worm, NjRAT, , 95, None, None, 0, Grim
2024-06-14 13:57:12, 1284782, 3a3f2b6cf16df6e530ae030c3be307c2, md5_hash, payload, win.socks5_systemz, None, Socks5 Systemz, , 95, None, None, 0, Grim
2024-06-14 13:57:09, 1284779, 625d7a7df7da834917c9ff4fda2b072c, md5_hash, payload, win.socks5_systemz, None, Socks5 Systemz, , 95, None, None, 0, Grim
2024-06-14 13:57:05, 1284776, 7d784b92dfbb63809de8072978d2d6ee, md5_hash, payload, win.socks5_systemz, None, Socks5 Systemz, , 95, None, None, 0, Grim
2024-06-14 13:57:01, 1284773, 00b091394d0bf8b043fa79819e41959e, md5_hash, payload, win.socks5_systemz, None, Socks5 Systemz, , 95, None, None, 0, Grim
2024-06-14 13:56:58, 1284770, 8c16e81e9ad016040cff20d005254ae3, md5_hash, payload, win.krakenkeylogger, None, KrakenKeylogger, , 95, None, None, 0, Grim
2024-06-14 13:56:54, 1284767, 3a7ed108996692ef6f30196857c407f5, md5_hash, payload, win.njrat, Bladabindi,Lime-Worm, NjRAT, , 95, None, None, 0, Grim
2024-06-14 13:56:51, 1284764, 3eb2f71507be977c35f3798308514b6e, md5_hash, payload, win.njrat, Bladabindi,Lime-Worm, NjRAT, , 95, None, None, 0, Grim
2024-06-14 13:56:46, 1284761, 8a6607f6727f04bc2d700ab5f71a349f, md5_hash, payload, win.njrat, Bladabindi,Lime-Worm, NjRAT, , 95, None, None, 0, Grim
2024-06-14 13:56:43, 1284758, 04976c9e6aa8481402075c917916a83e, md5_hash, payload, win.stealc, None, Stealc, , 95, None, None, 0, Grim
2024-06-14 13:56:39, 1284755, c6cd0f62d86d87344a7d7483d82ac6d3, md5_hash, payload, win.strelastealer, None, StrelaStealer, , 95, None, None, 0, Grim
2024-06-14 13:56:35, 1284752, 1c56623199e1959f271a191d603360bf, md5_hash, payload, win.strelastealer, None, StrelaStealer, , 95, None, None, 0, Grim
2024-06-14 13:56:31, 1284749, 381e4d25d271d8fd15f8b04b180be401, md5_hash, payload, win.systembc, Coroxy,DroxiDat, SystemBC, , 95, None, None, 0, Grim
2024-06-14 13:56:27, 1284746, 5cf1f69f534216f991caf394134db849, md5_hash, payload, win.agent_tesla, AgenTesla,AgentTesla,Negasteal, Agent Tesla, , 95, None, None, 0, Grim
2024-06-14 13:56:23, 1284743, 1dba24b0a28f1df64a2880f4b97b23b5, md5_hash, payload, win.agent_tesla, AgenTesla,AgentTesla,Negasteal, Agent Tesla, , 95, None, None, 0, Grim
2024-06-14 13:56:19, 1284740, 8cd947a7a778cc3ddfcf24afe58e3472, md5_hash, payload, win.formbook, win.xloader, Formbook, , 95, None, None, 0, Grim
2024-06-14 13:56:16, 1284737, 9fc5b157de551beeec8aa0120e4c9587, md5_hash, payload, win.agent_tesla, AgenTesla,AgentTesla,Negasteal, Agent Tesla, , 95, None, None, 0, Grim
2024-06-14 13:56:12, 1284734, d1c94003a566f463d0aaa30af416667d, md5_hash, payload, win.agent_tesla, AgenTesla,AgentTesla,Negasteal, Agent Tesla, , 95, None, None, 0, Grim
2024-06-14 13:56:09, 1284731, 54e257b56a256a2f1b062d2cebda6b2d, md5_hash, payload, win.agent_tesla, AgenTesla,AgentTesla,Negasteal, Agent Tesla, , 95, None, None, 0, Grim
2024-06-14 13:56:05, 1284728, d2284e59c46af4d0ee168bd9402096c8, md5_hash, payload, win.agent_tesla, AgenTesla,AgentTesla,Negasteal, Agent Tesla, , 95, None, None, 0, Grim
2024-06-14 13:56:01, 1284725, f46097587557cfeca7b2640ef08e9ddd, md5_hash, payload, win.agent_tesla, AgenTesla,AgentTesla,Negasteal, Agent Tesla, , 95, None, None, 0, Grim
2024-06-14 13:55:57, 1284722, 540645e6b9f221fbd2bbdeff69dbbc26, md5_hash, payload, win.agent_tesla, AgenTesla,AgentTesla,Negasteal, Agent Tesla, , 95, None, None, 0, Grim
2024-06-14 13:55:54, 1284719, abb335140abdaae9a997dacd7defeb74, md5_hash, payload, win.agent_tesla, AgenTesla,AgentTesla,Negasteal, Agent Tesla, , 95, None, None, 0, Grim
2024-06-14 13:55:49, 1284716, 330961799ac2536bf3f0b70c66dfe449, md5_hash, payload, win.agent_tesla, AgenTesla,AgentTesla,Negasteal, Agent Tesla, , 95, None, None, 0, Grim
2024-06-14 13:55:45, 1284713, c7b087e71a071682a9b3db6c81933d71, md5_hash, payload, win.agent_tesla, AgenTesla,AgentTesla,Negasteal, Agent Tesla, , 95, None, None, 0, Grim
2024-06-14 13:55:41, 1284710, dad4b51775b91f20b1f31b785899448b, md5_hash, payload, win.sigloader, None, SigLoader, , 95, None, None, 0, Grim
2024-06-14 13:55:35, 1284707, 4c3f0027d2e0e9c8664bf102fc2840e4, md5_hash, payload, win.vidar, None, Vidar, , 95, None, None, 0, Grim
2024-06-14 13:55:31, 1284704, c28a2d0a008788b49690b333d501e3f3, md5_hash, payload, win.luca_stealer, None, Luca Stealer, , 95, None, None, 0, Grim
2024-06-14 13:55:24, 1284701, 4c60ccc6694b75980aaedb89cb5fc058, md5_hash, payload, win.sigloader, None, SigLoader, , 95, None, None, 0, Grim
2024-06-14 13:55:17, 1284698, e58e238f214f5f78131f179ae6604e4b, md5_hash, payload, win.agent_tesla, AgenTesla,AgentTesla,Negasteal, Agent Tesla, , 95, None, None, 0, Grim
2024-06-14 13:55:11, 1284695, 0715efb8c4e0cd8c133f1f71159294c6, md5_hash, payload, win.formbook, win.xloader, Formbook, , 95, None, None, 0, Grim
2024-06-14 13:55:03, 1284692, ab167caa6598df6268008572a97c8da6, md5_hash, payload, win.dcrat, DarkCrystal RAT, DCRat, , 95, None, None, 0, Grim
2024-06-14 13:54:57, 1284689, 3b1c37d00f6de1f65cc543f6e0f6bd20, md5_hash, payload, win.formbook, win.xloader, Formbook, , 95, None, None, 0, Grim
2024-06-14 13:54:52, 1284686, 6f7f8c5a5e2ee030b2ad60fc83a84ecf, md5_hash, payload, win.agent_tesla, AgenTesla,AgentTesla,Negasteal, Agent Tesla, , 95, None, None, 0, Grim
2024-06-14 13:54:47, 1284683, 985584f5b7be5d605c1264624f4bd68e, md5_hash, payload, win.tofsee, Gheg, Tofsee, , 95, None, None, 0, Grim
2024-06-14 13:54:43, 1284680, b0f148f8dd2096e0237caab2f6ddbedc, md5_hash, payload, win.dcrat, DarkCrystal RAT, DCRat, , 95, None, None, 0, Grim
2024-06-14 13:54:38, 1284677, 617038bb926e9f3c246786fcf3807f69, md5_hash, payload, win.formbook, win.xloader, Formbook, , 95, None, None, 0, Grim
2024-06-14 13:54:33, 1284674, ce4b03c2c5300086ad7084e7005718e1, md5_hash, payload, win.troystealer, None, troystealer, , 95, None, None, 0, Grim
2024-06-14 13:54:28, 1284671, f1a2417ec16678f760aa9a44724d273a, md5_hash, payload, win.agent_tesla, AgenTesla,AgentTesla,Negasteal, Agent Tesla, , 95, None, None, 0, Grim
2024-06-14 13:54:23, 1284668, cf76394bac665e9e3db0ebd61d99d623, md5_hash, payload, win.agent_tesla, AgenTesla,AgentTesla,Negasteal, Agent Tesla, , 95, None, None, 0, Grim
2024-06-14 13:54:18, 1284665, 54cba4f6fcaaeb514a6ec9e68776d2d2, md5_hash, payload, win.formbook, win.xloader, Formbook, , 95, None, None, 0, Grim
2024-06-14 13:54:13, 1284662, 08cf6d04a330770283df4ca6d572e7ff, md5_hash, payload, win.formbook, win.xloader, Formbook, , 95, None, None, 0, Grim
2024-06-14 13:54:08, 1284659, ff3f9946159ede1ea69dc8e74991c5eb, md5_hash, payload, win.sigloader, None, SigLoader, , 95, None, None, 0, Grim
2024-06-14 13:54:02, 1284656, e49745292c1b6d4b98571686fbe0a53e, md5_hash, payload, win.redline_stealer, RECORDSTEALER, RedLine Stealer, , 95, None, None, 0, Grim
2024-06-14 13:53:56, 1284653, eadc7ea5f1e0469e226b84df015c09db, md5_hash, payload, win.formbook, win.xloader, Formbook, , 95, None, None, 0, Grim
2024-06-14 13:53:52, 1284650, 9aa4f5ddf5c95f873c450bfa6eda7bc5, md5_hash, payload, win.formbook, win.xloader, Formbook, , 95, None, None, 0, Grim
2024-06-14 13:53:48, 1284647, f9ec63f0a865406059d4269ccbea3e30, md5_hash, payload, win.remcos, RemcosRAT,Remvio,Socmer, Remcos, , 95, None, None, 0, Grim
2024-06-14 13:53:44, 1284644, e2de058cfd498c235444f14cab7aa41f, md5_hash, payload, win.agent_tesla, AgenTesla,AgentTesla,Negasteal, Agent Tesla, , 95, None, None, 0, Grim
2024-06-14 13:53:39, 1284641, 187e33a9adbf5e9631d4ec0d72fcd3cf, md5_hash, payload, win.formbook, win.xloader, Formbook, , 95, None, None, 0, Grim
2024-06-14 13:53:35, 1284638, d2c7ccf7ade1dd9cfe1fdbd518a13f6e, md5_hash, payload, win.agent_tesla, AgenTesla,AgentTesla,Negasteal, Agent Tesla, , 95, None, None, 0, Grim
2024-06-14 13:53:31, 1284635, 054ccf24786d8abb5adff0aabfe465a0, md5_hash, payload, win.agent_tesla, AgenTesla,AgentTesla,Negasteal, Agent Tesla, , 95, None, None, 0, Grim
2024-06-14 13:53:27, 1284632, a10fa077e52e128b79c61885b6105091, md5_hash, payload, win.agent_tesla, AgenTesla,AgentTesla,Negasteal, Agent Tesla, , 95, None, None, 0, Grim
2024-06-14 13:53:22, 1284629, 4fd18762a8d53bb6d22fe271292619e9, md5_hash, payload, win.agent_tesla, AgenTesla,AgentTesla,Negasteal, Agent Tesla, , 95, None, None, 0, Grim
2024-06-15 16:18:36, 1285349, 487581e26f44dc342b13f83a424a7d0b, md5_hash, payload, win.agent_tesla, AgenTesla,AgentTesla,Negasteal, Agent Tesla, , 95, None, None, 0, Grim
2024-06-15 16:18:33, 1285346, d93464a7221a0ed0a32727fa4da12b73, md5_hash, payload, win.formbook, win.xloader, Formbook, , 95, None, None, 0, Grim
2024-06-15 16:18:30, 1285343, 35f49ae7af6b0396af39f7fafc574373, md5_hash, payload, win.agent_tesla, AgenTesla,AgentTesla,Negasteal, Agent Tesla, , 95, None, None, 0, Grim
2024-06-15 16:18:27, 1285340, f5f9f9816c6df0f3e77d2c7dc06d3870, md5_hash, payload, win.agent_tesla, AgenTesla,AgentTesla,Negasteal, Agent Tesla, , 95, None, None, 0, Grim
2024-06-15 16:18:24, 1285337, 2a27295081e9c2b7e02815fd6fc556ec, md5_hash, payload, win.dcrat, DarkCrystal RAT, DCRat, , 95, None, None, 0, Grim
2024-06-15 16:18:21, 1285334, c3777e495958d906c0272854efa1f839, md5_hash, payload, win.agent_tesla, AgenTesla,AgentTesla,Negasteal, Agent Tesla, , 95, None, None, 0, Grim
2024-06-15 16:18:18, 1285331, 06e150b7b00941b0998fbbd1061b4740, md5_hash, payload, win.agent_tesla, AgenTesla,AgentTesla,Negasteal, Agent Tesla, , 95, None, None, 0, Grim
2024-06-15 16:18:15, 1285328, 0c1b8d8d00d578c844a14875fb7599d3, md5_hash, payload, win.dcrat, DarkCrystal RAT, DCRat, , 95, None, None, 0, Grim
2024-06-15 16:18:12, 1285325, fdd425aebddb3239f86b601c49f0c2c5, md5_hash, payload, win.amadey, None, Amadey, , 95, None, None, 0, Grim
2024-06-15 16:18:09, 1285322, bc4e4a2d31230b6d18d4ed243adcc81f, md5_hash, payload, win.troystealer, None, troystealer, , 95, None, None, 0, Grim
2024-06-15 16:18:06, 1285319, ee89f7922a4ccc1147e7c427c832a35a, md5_hash, payload, win.ghost_rat, Farfli,Gh0st RAT,PCRat, Ghost RAT, , 95, None, None, 0, Grim
2024-06-15 16:18:03, 1285316, 16d52786d50d7c0bad6ef837ec04aa3c, md5_hash, payload, win.dcrat, DarkCrystal RAT, DCRat, , 95, None, None, 0, Grim
2024-06-15 16:18:00, 1285313, bf9116fe07ed0b6ddc6c7cb0f7ae3fe3, md5_hash, payload, win.blackremote, BlackRAT, BlackRemote, , 95, None, None, 0, Grim
2024-06-15 16:17:57, 1285310, ae1cb508b5b0756555053d723247154e, md5_hash, payload, win.blackremote, BlackRAT, BlackRemote, , 95, None, None, 0, Grim
2024-06-15 16:17:54, 1285307, 62b5ca4a4a2fce8e234d783ce808220e, md5_hash, payload, win.blackremote, BlackRAT, BlackRemote, , 95, None, None, 0, Grim
2024-06-15 16:17:51, 1285304, 1d3a32909de7256112d4472c5b93b62d, md5_hash, payload, win.amadey, None, Amadey, , 95, None, None, 0, Grim
2024-06-15 16:17:48, 1285301, e9242bf7180e09268366abcc82bca082, md5_hash, payload, win.blackremote, BlackRAT, BlackRemote, , 95, None, None, 0, Grim
2024-06-15 16:17:45, 1285298, 5b3b12934e1317b5b1b86b0950d1956c, md5_hash, payload, win.blackremote, BlackRAT, BlackRemote, , 95, None, None, 0, Grim
2024-06-15 16:17:42, 1285295, fadf5f5ca171a43609aa3fc48be3cdff, md5_hash, payload, win.blackremote, BlackRAT, BlackRemote, , 95, None, None, 0, Grim
2024-06-15 16:17:39, 1285292, 076a37e4c2b4c170098f5d892b928114, md5_hash, payload, win.blackremote, BlackRAT, BlackRemote, , 95, None, None, 0, Grim
2024-06-15 16:17:36, 1285289, 972078c59e012ab3646790b3227b3101, md5_hash, payload, win.blackremote, BlackRAT, BlackRemote, , 95, None, None, 0, Grim
2024-06-15 16:17:33, 1285286, 23e889a96c510564b792c25a56264339, md5_hash, payload, win.blackremote, BlackRAT, BlackRemote, , 95, None, None, 0, Grim
2024-06-15 16:17:30, 1285283, 5ba8d76b5819ca6c221002e36120dd83, md5_hash, payload, win.blackremote, BlackRAT, BlackRemote, , 95, None, None, 0, Grim
2024-06-15 16:17:27, 1285280, eb083f32e116fa593f695e4e87782b25, md5_hash, payload, win.blackremote, BlackRAT, BlackRemote, , 95, None, None, 0, Grim
2024-06-15 16:17:24, 1285277, 1924d6f7e0b45c4567c57f5090401ec3, md5_hash, payload, win.dcrat, DarkCrystal RAT, DCRat, , 95, None, None, 0, Grim
2024-06-15 16:17:21, 1285274, 6a77f4f02b896e9223cb51001cc2343a, md5_hash, payload, win.blackremote, BlackRAT, BlackRemote, , 95, None, None, 0, Grim
2024-06-15 16:17:18, 1285271, aa3e1754c6bfcbdfdac08d0507d8cef2, md5_hash, payload, win.blackremote, BlackRAT, BlackRemote, , 95, None, None, 0, Grim
2024-06-15 16:17:15, 1285268, 97f60a83a6a9a2507eb6fb3175a03804, md5_hash, payload, win.blackremote, BlackRAT, BlackRemote, , 95, None, None, 0, Grim
2024-06-15 16:17:12, 1285265, 39aed2889e0f48187fcae74bf1b1d997, md5_hash, payload, win.blackremote, BlackRAT, BlackRemote, , 95, None, None, 0, Grim
2024-06-15 16:17:09, 1285262, 97ac9a9c06f656d1daf9b579cf7aeb38, md5_hash, payload, win.troystealer, None, troystealer, , 95, None, None, 0, Grim
2024-06-15 16:17:06, 1285259, 12af9b9f6b959ff3e485f920791a3f2b, md5_hash, payload, win.dcrat, DarkCrystal RAT, DCRat, , 95, None, None, 0, Grim
2024-06-15 16:17:03, 1285256, 18f7854fe807cd2b3fceb1b3744e43e0, md5_hash, payload, win.redline_stealer, RECORDSTEALER, RedLine Stealer, , 95, None, None, 0, Grim
2024-06-15 16:17:00, 1285253, 937784485869bc97b6e2b14e994723d3, md5_hash, payload, win.cobalt_strike, Agentemis,BEACON,CobaltStrike,cobeacon, Cobalt Strike, , 95, None, None, 0, Grim
2024-06-15 16:16:56, 1285250, feef5b22e42e719206e0a88510fee2b7, md5_hash, payload, win.blackremote, BlackRAT, BlackRemote, , 95, None, None, 0, Grim
2024-06-15 16:16:53, 1285247, 03fdad9a78b21dd0ab4417faba3f3c16, md5_hash, payload, win.blackremote, BlackRAT, BlackRemote, , 95, None, None, 0, Grim
2024-06-15 16:16:50, 1285244, d1e3704e52f72d144fbc057b6b7b3b92, md5_hash, payload, win.luca_stealer, None, Luca Stealer, , 95, None, None, 0, Grim
2024-06-15 16:16:47, 1285241, 88325c041ceeb171c6aba3c16217ead8, md5_hash, payload, win.formbook, win.xloader, Formbook, , 95, None, None, 0, Grim
2024-06-15 16:16:44, 1285238, ca10e185b83ea1c56523fca52e6d1b58, md5_hash, payload, win.blackremote, BlackRAT, BlackRemote, , 95, None, None, 0, Grim
2024-06-15 16:16:41, 1285235, a9c54782e05bac7b7b9b8cea3d913260, md5_hash, payload, win.blackremote, BlackRAT, BlackRemote, , 95, None, None, 0, Grim
2024-06-15 16:16:38, 1285232, 27ee0221771b3adbf03377147d9e0d9c, md5_hash, payload, win.agent_tesla, AgenTesla,AgentTesla,Negasteal, Agent Tesla, , 95, None, None, 0, Grim
2024-06-15 16:16:35, 1285229, e492236d89fd48b8306cc81580bd43fb, md5_hash, payload, win.blackremote, BlackRAT, BlackRemote, , 95, None, None, 0, Grim
2024-06-15 16:16:32, 1285226, cb003bbeea2b07a7736ffae165a8563d, md5_hash, payload, win.blackremote, BlackRAT, BlackRemote, , 95, None, None, 0, Grim
2024-06-15 16:16:29, 1285223, 336e10c99d696c1b052ecb751bf0669c, md5_hash, payload, win.blackremote, BlackRAT, BlackRemote, , 95, None, None, 0, Grim
2024-06-15 16:16:26, 1285220, 6f5ec28062ca6d4425335da4d654c897, md5_hash, payload, win.blackremote, BlackRAT, BlackRemote, , 95, None, None, 0, Grim
2024-06-15 16:16:22, 1285217, b41dd27dda53abde22c1efb83d437589, md5_hash, payload, win.blackremote, BlackRAT, BlackRemote, , 95, None, None, 0, Grim
2024-06-15 16:16:19, 1285214, 3db6a404d2c91a867cefab626a3485b0, md5_hash, payload, win.asyncrat, None, AsyncRAT, , 95, None, None, 0, Grim
2024-06-15 16:16:15, 1285211, 082edd9de95d89234c4ce966cb8ef0c2, md5_hash, payload, win.formbook, win.xloader, Formbook, , 95, None, None, 0, Grim
2024-06-15 16:16:12, 1285208, 1131f00e08abcfc9a3bc03a8c87e6237, md5_hash, payload, win.amadey, None, Amadey, , 95, None, None, 0, Grim
2024-06-15 16:16:09, 1285205, 1272bf402ae8ccbb3cf205ff7a41c254, md5_hash, payload, win.agent_tesla, AgenTesla,AgentTesla,Negasteal, Agent Tesla, , 95, None, None, 0, Grim
2024-06-15 16:16:05, 1285202, 113835dd31fad6c8639724879be38053, md5_hash, payload, win.agent_tesla, AgenTesla,AgentTesla,Negasteal, Agent Tesla, , 95, None, None, 0, Grim
2024-06-15 16:16:02, 1285199, 777396c8d1529dad186a2e954ab9a40c, md5_hash, payload, win.ramnit, Nimnul, Ramnit, , 95, None, None, 0, Grim
2024-06-15 16:15:59, 1285196, d436dc7faa63db35b10524ac82ab7631, md5_hash, payload, win.darkeye, None, DarkEye, , 95, None, None, 0, Grim
2024-06-15 16:15:56, 1285193, 8e4c0eeb469f011e6aea3dbd07106515, md5_hash, payload, win.ramnit, Nimnul, Ramnit, , 95, None, None, 0, Grim
2024-06-15 16:15:53, 1285190, 0973e2226ff43e68cf9b1e3b4cb25dd7, md5_hash, payload, win.darkeye, None, DarkEye, , 95, None, None, 0, Grim
2024-06-15 16:15:50, 1285187, ae71820f8b18694d0cd16d2b3b1845a2, md5_hash, payload, win.formbook, win.xloader, Formbook, , 95, None, None, 0, Grim
2024-06-15 16:15:46, 1285184, 6c63f5db1f5beff0a1cb3af035ca3d4c, md5_hash, payload, win.darkeye, None, DarkEye, , 95, None, None, 0, Grim
2024-06-15 16:15:43, 1285181, 2ca46e1c431bc4a3e5a01921e1e13a50, md5_hash, payload, win.younglotus, DarkShare, YoungLotus, , 95, None, None, 0, Grim
2024-06-15 16:15:38, 1285178, 37413e77a44940fab9c34f89f587ca6a, md5_hash, payload, win.strelastealer, None, StrelaStealer, , 95, None, None, 0, Grim
2024-06-15 16:15:35, 1285175, 418f825c59e0d356af1f50468043ff76, md5_hash, payload, win.dcrat, DarkCrystal RAT, DCRat, , 95, None, None, 0, Grim
2024-06-15 16:15:31, 1285172, 942715d709254c42060164e09ef42d93, md5_hash, payload, win.redline_stealer, RECORDSTEALER, RedLine Stealer, , 95, None, None, 0, Grim
2024-06-15 16:15:27, 1285169, 4ccf2acb05c24e61503cd8bff61f2d50, md5_hash, payload, win.meterpreter, None, Meterpreter, , 95, None, None, 0, Grim
2024-06-15 16:15:23, 1285166, 4fb2e04c13d6e6f444639b0ecc9a69c3, md5_hash, payload, win.webmonitor, RevCode, WebMonitor RAT, , 95, None, None, 0, Grim
2024-06-15 16:15:19, 1285163, 50070a7e7cfe0dbe435a939d7a843e09, md5_hash, payload, win.redline_stealer, RECORDSTEALER, RedLine Stealer, , 95, None, None, 0, Grim
